facebook_I_alphas,facebook_I_gammas,facebook_I_thetas,newsletter_alphas,newsletter_gammas,newsletter_thetas,ooh_S_alphas,ooh_S_gammas,ooh_S_thetas,print_S_alphas,print_S_gammas,print_S_thetas,search_clicks_P_alphas,search_clicks_P_gammas,search_clicks_P_thetas,tv_S_alphas,tv_S_gammas,tv_S_thetas,lambda,mape,nrmse,decomp.rssd,rsq_train,lambda_hp,lambda_max,pos,Elapsed,ElapsedAccum,iterPar,iterNG,df.int,solID,trial,iterations,mape.qt10,robynPareto,coef0
2.55459990028882,0.898929681999156,0.234135415049178,2.06823022002446,0.549360423373409,0.225699173175382,0.621812720919253,0.477265014867207,0.4,2.33573790569609,0.354948303520496,0.330598556260037,1.10387474423293,0.664954239755782,0.105287912698703,2.46151915177201,0.344242012477464,0.724009293627063,1654.98085658389,0,0.0565022463783573,0.28335875144361,0.938779625647467,1654.98085658389,660472486.367721,0,0.113173961639404,0.113173961639404,1,1,1,1_102_2,1,1,TRUE,1,
